################China treatyports;;;;;;;;;;;;;;x,,,,,,,,,,,,,,,,,,,,,,,,,
BEI_ADJ;Chinese;Chinese;Chinese;;;;;;;;;;;x;,,,,,,,,,,,,,,,,,,,,,,,,,
BEI;Guangzhouwan Economic Area;Guangzhouwan Economic Area;Guangzhouwan Economic Area;;;;;;;;;;;x;,,,,,,,,,,,,,,,,,,,,,,,,,
BEI_proletarian_dictatorship;Guangzhouwan Economic Area;Guangzhouwan Economic Area;Guangzhouwan Economic Area;;;;;;;;;;;x;,,,,,,,,,,,,,,,,,,,,,,,,,
BEI_presidential_dictatorship;Guangzhouwan Economic Area;Guangzhouwan Economic Area;Guangzhouwan Economic Area;;;;;;;;;;;x;,,,,,,,,,,,,,,,,,,,,,,,,,
BEI_bourgeois_dictatorship;Guangzhouwan Economic Area;Guangzhouwan Economic Area;Guangzhouwan Economic Area;;;;;;;;;;;x;,,,,,,,,,,,,,,,,,,,,,,,,,
BEI_fascist_dictatorship;Guangzhouwan Economic Area;Guangzhouwan Economic Area;Guangzhouwan Economic Area;;;;;;;;;;;x;,,,,,,,,,,,,,,,,,,,,,,,,,
BEI_absolute_monarchy;Guangzhouwan Economic Area;Guangzhouwan Economic Area;Guangzhouwan Economic Area;;;;;;;;;;;x;,,,,,,,,,,,,,,,,,,,,,,,,,
BEI_prussian_constitutionalism;Guangzhouwan Economic Area;Guangzhouwan Economic Area;Guangzhouwan Economic Area;;;;;;;;;;;x;,,,,,,,,,,,,,,,,,,,,,,,,,
BEI_hms_government;Guangzhouwan Economic Area;Guangzhouwan Economic Area;Guangzhouwan Economic Area;;;;;;;;;;;x;,,,,,,,,,,,,,,,,,,,,,,,,,
BEI_democracy;Guangzhouwan Economic Area;Guangzhouwan Economic Area;Guangzhouwan Economic Area;;;;;;;;;;;x;,,,,,,,,,,,,,,,,,,,,,,,,,
BEI_conservative_92;Conservatives;Conservatives;Conservatives;;;;;;;;;;;x;,,,,,,,,,,,,,,,,,,,,,,,,,
BEI_liberal_79;Liberals;Liberals;Liberals;;;;;;;;;;;x;,,,,,,,,,,,,,,,,,,,,,,,,,
BEI_liberal_87;National Liberals;National Liberals;National Liberals;;;;;;;;;;;x;,,,,,,,,,,,,,,,,,,,,,,,,,
BEI_socialist_84;Socialists;Socialists;Socialists;;;;;;;;;;;x;,,,,,,,,,,,,,,,,,,,,,,,,,
BEI_socialist_98;National Socialists;National Socialists;National Socialists;;;;;;;;;;;x;,,,,,,,,,,,,,,,,,,,,,,,,,
BEI_reactionary_83;Monarchy Leadership;Monarchy Leadership;Monarchy Leadership;;;;;;;;;;;x;,,,,,,,,,,,,,,,,,,,,,,,,,
BEI_anarcho_liberal_93;Radical Liberals;Radical Liberals;Radical Liberals;;;;;;;;;;;x;,,,,,,,,,,,,,,,,,,,,,,,,,
BEI_communist_86;Communists;Communists;Communists;;;;;;;;;;;x;,,,,,,,,,,,,,,,,,,,,,,,,,
BEI_fascist_71;Fascists;Fascists;Fascists;;;;;;;;;;;x;,,,,,,,,,,,,,,,,,,,,,,,,,
FUZ_ADJ;Chinese;Chinese;Chinese;;;;;;;;;;;x;,,,,,,,,,,,,,,,,,,,,,,,,,
FUZ;Fuzhou Economic Area;Fuzhou Economic Area;Fuzhou Economic Area;;;;;;;;;;;x;,,,,,,,,,,,,,,,,,,,,,,,,,
FUZ_proletarian_dictatorship;Fuzhou Economic Area;Fuzhou Economic Area;Fuzhou Economic Area;;;;;;;;;;;x;,,,,,,,,,,,,,,,,,,,,,,,,,
FUZ_presidential_dictatorship;Fuzhou Economic Area;Fuzhou Economic Area;Fuzhou Economic Area;;;;;;;;;;;x;,,,,,,,,,,,,,,,,,,,,,,,,,
FUZ_bourgeois_dictatorship;Fuzhou Economic Area;Fuzhou Economic Area;Fuzhou Economic Area;;;;;;;;;;;x;,,,,,,,,,,,,,,,,,,,,,,,,,
FUZ_fascist_dictatorship;Fuzhou Economic Area;Fuzhou Economic Area;Fuzhou Economic Area;;;;;;;;;;;x;,,,,,,,,,,,,,,,,,,,,,,,,,
FUZ_absolute_monarchy;Fuzhou Economic Area;Fuzhou Economic Area;Fuzhou Economic Area;;;;;;;;;;;x;,,,,,,,,,,,,,,,,,,,,,,,,,
FUZ_prussian_constitutionalism;Fuzhou Economic Area;Fuzhou Economic Area;Fuzhou Economic Area;;;;;;;;;;;x;,,,,,,,,,,,,,,,,,,,,,,,,,
FUZ_hms_government;Fuzhou Economic Area;Fuzhou Economic Area;Fuzhou Economic Area;;;;;;;;;;;x;,,,,,,,,,,,,,,,,,,,,,,,,,
FUZ_democracy;Fuzhou Economic Area;Fuzhou Economic Area;Fuzhou Economic Area;;;;;;;;;;;x;,,,,,,,,,,,,,,,,,,,,,,,,,
FUZ_conservative_92;Conservatives;Conservatives;Conservatives;;;;;;;;;;;x;,,,,,,,,,,,,,,,,,,,,,,,,,
FUZ_liberal_79;Liberals;Liberals;Liberals;;;;;;;;;;;x;,,,,,,,,,,,,,,,,,,,,,,,,,
FUZ_liberal_87;National Liberals;National Liberals;National Liberals;;;;;;;;;;;x;,,,,,,,,,,,,,,,,,,,,,,,,,
FUZ_socialist_84;Socialists;Socialists;Socialists;;;;;;;;;;;x;,,,,,,,,,,,,,,,,,,,,,,,,,
FUZ_socialist_98;National Socialists;National Socialists;National Socialists;;;;;;;;;;;x;,,,,,,,,,,,,,,,,,,,,,,,,,
FUZ_reactionary_83;Monarchy Leadership;Monarchy Leadership;Monarchy Leadership;;;;;;;;;;;x;,,,,,,,,,,,,,,,,,,,,,,,,,
FUZ_anarcho_liberal_93;Radical Liberals;Radical Liberals;Radical Liberals;;;;;;;;;;;x;,,,,,,,,,,,,,,,,,,,,,,,,,
FUZ_communist_86;Communists;Communists;Communists;;;;;;;;;;;x;,,,,,,,,,,,,,,,,,,,,,,,,,
FUZ_fascist_71;Fascists;Fascists;Fascists;;;;;;;;;;;x;,,,,,,,,,,,,,,,,,,,,,,,,,
HAG_ADJ;Chinese;Chinese;Chinese;;;;;;;;;;;x;,,,,,,,,,,,,,,,,,,,,,,,,,
HAG;Jiaxing Economic Area;Jiaxing Economic Area;Jiaxing Economic Area;;;;;;;;;;;x;,,,,,,,,,,,,,,,,,,,,,,,,,
HAG_proletarian_dictatorship;Jiaxing Economic Area;Jiaxing Economic Area;Jiaxing Economic Area;;;;;;;;;;;x;,,,,,,,,,,,,,,,,,,,,,,,,,
HAG_presidential_dictatorship;Jiaxing Economic Area;Jiaxing Economic Area;Jiaxing Economic Area;;;;;;;;;;;x;,,,,,,,,,,,,,,,,,,,,,,,,,
HAG_bourgeois_dictatorship;Jiaxing Economic Area;Jiaxing Economic Area;Jiaxing Economic Area;;;;;;;;;;;x;,,,,,,,,,,,,,,,,,,,,,,,,,
HAG_fascist_dictatorship;Jiaxing Economic Area;Jiaxing Economic Area;Jiaxing Economic Area;;;;;;;;;;;x;,,,,,,,,,,,,,,,,,,,,,,,,,
HAG_absolute_monarchy;Jiaxing Economic Area;Jiaxing Economic Area;Jiaxing Economic Area;;;;;;;;;;;x;,,,,,,,,,,,,,,,,,,,,,,,,,
HAG_prussian_constitutionalism;Jiaxing Economic Area;Jiaxing Economic Area;Jiaxing Economic Area;;;;;;;;;;;x;,,,,,,,,,,,,,,,,,,,,,,,,,
HAG_hms_government;Jiaxing Economic Area;Jiaxing Economic Area;Jiaxing Economic Area;;;;;;;;;;;x;,,,,,,,,,,,,,,,,,,,,,,,,,
HAG_democracy;Jiaxing Economic Area;Jiaxing Economic Area;Jiaxing Economic Area;;;;;;;;;;;x;,,,,,,,,,,,,,,,,,,,,,,,,,
HAG_conservative_92;Conservatives;Conservatives;Conservatives;;;;;;;;;;;x;,,,,,,,,,,,,,,,,,,,,,,,,,
HAG_liberal_79;Liberals;Liberals;Liberals;;;;;;;;;;;x;,,,,,,,,,,,,,,,,,,,,,,,,,
HAG_liberal_87;National Liberals;National Liberals;National Liberals;;;;;;;;;;;x;,,,,,,,,,,,,,,,,,,,,,,,,,
HAG_socialist_84;Socialists;Socialists;Socialists;;;;;;;;;;;x;,,,,,,,,,,,,,,,,,,,,,,,,,
HAG_socialist_98;National Socialists;National Socialists;National Socialists;;;;;;;;;;;x;,,,,,,,,,,,,,,,,,,,,,,,,,
HAG_reactionary_83;Monarchy Leadership;Monarchy Leadership;Monarchy Leadership;;;;;;;;;;;x;,,,,,,,,,,,,,,,,,,,,,,,,,
HAG_anarcho_liberal_93;Radical Liberals;Radical Liberals;Radical Liberals;;;;;;;;;;;x;,,,,,,,,,,,,,,,,,,,,,,,,,
HAG_communist_86;Communists;Communists;Communists;;;;;;;;;;;x;,,,,,,,,,,,,,,,,,,,,,,,,,
HAG_fascist_71;Fascists;Fascists;Fascists;;;;;;;;;;;x;,,,,,,,,,,,,,,,,,,,,,,,,,
HOG_ADJ;Chinese;Chinese;Chinese;;;;;;;;;;;x;,,,,,,,,,,,,,,,,,,,,,,,,,
HOG;Hong Kong Economic Area;Hong Kong Economic Area;Hong Kong Economic Area;;;;;;;;;;;x;,,,,,,,,,,,,,,,,,,,,,,,,,
HOG_proletarian_dictatorship;Hong Kong Economic Area;Hong Kong Economic Area;Hong Kong Economic Area;;;;;;;;;;;x;,,,,,,,,,,,,,,,,,,,,,,,,,
HOG_presidential_dictatorship;Hong Kong Economic Area;Hong Kong Economic Area;Hong Kong Economic Area;;;;;;;;;;;x;,,,,,,,,,,,,,,,,,,,,,,,,,
HOG_bourgeois_dictatorship;Hong Kong Economic Area;Hong Kong Economic Area;Hong Kong Economic Area;;;;;;;;;;;x;,,,,,,,,,,,,,,,,,,,,,,,,,
HOG_fascist_dictatorship;Hong Kong Economic Area;Hong Kong Economic Area;Hong Kong Economic Area;;;;;;;;;;;x;,,,,,,,,,,,,,,,,,,,,,,,,,
HOG_absolute_monarchy;Hong Kong Economic Area;Hong Kong Economic Area;Hong Kong Economic Area;;;;;;;;;;;x;,,,,,,,,,,,,,,,,,,,,,,,,,
HOG_prussian_constitutionalism;Hong Kong Economic Area;Hong Kong Economic Area;Hong Kong Economic Area;;;;;;;;;;;x;,,,,,,,,,,,,,,,,,,,,,,,,,
HOG_hms_government;Hong Kong Economic Area;Hong Kong Economic Area;Hong Kong Economic Area;;;;;;;;;;;x;,,,,,,,,,,,,,,,,,,,,,,,,,
HOG_democracy;Hong Kong Economic Area;Hong Kong Economic Area;Hong Kong Economic Area;;;;;;;;;;;x;,,,,,,,,,,,,,,,,,,,,,,,,,
HOG_conservative_92;Conservatives;Conservatives;Conservatives;;;;;;;;;;;x;,,,,,,,,,,,,,,,,,,,,,,,,,
HOG_liberal_79;Liberals;Liberals;Liberals;;;;;;;;;;;x;,,,,,,,,,,,,,,,,,,,,,,,,,
HOG_liberal_87;National Liberals;National Liberals;National Liberals;;;;;;;;;;;x;,,,,,,,,,,,,,,,,,,,,,,,,,
HOG_socialist_84;Socialists;Socialists;Socialists;;;;;;;;;;;x;,,,,,,,,,,,,,,,,,,,,,,,,,
HOG_socialist_98;National Socialists;National Socialists;National Socialists;;;;;;;;;;;x;,,,,,,,,,,,,,,,,,,,,,,,,,
HOG_reactionary_83;Monarchy Leadership;Monarchy Leadership;Monarchy Leadership;;;;;;;;;;;x;,,,,,,,,,,,,,,,,,,,,,,,,,
HOG_anarcho_liberal_93;Radical Liberals;Radical Liberals;Radical Liberals;;;;;;;;;;;x;,,,,,,,,,,,,,,,,,,,,,,,,,
HOG_communist_86;Communists;Communists;Communists;;;;;;;;;;;x;,,,,,,,,,,,,,,,,,,,,,,,,,
HOG_fascist_71;Fascists;Fascists;Fascists;;;;;;;;;;;x;,,,,,,,,,,,,,,,,,,,,,,,,,
HUA_ADJ;Chinese;Chinese;Chinese;;;;;;;;;;;x;,,,,,,,,,,,,,,,,,,,,,,,,,
HUA;Huaian Economic Area;Huaian Economic Area;Huaian Economic Area;;;;;;;;;;;x;,,,,,,,,,,,,,,,,,,,,,,,,,
HUA_proletarian_dictatorship;Huaian Economic Area;Huaian Economic Area;Huaian Economic Area;;;;;;;;;;;x;,,,,,,,,,,,,,,,,,,,,,,,,,
HUA_presidential_dictatorship;Huaian Economic Area;Huaian Economic Area;Huaian Economic Area;;;;;;;;;;;x;,,,,,,,,,,,,,,,,,,,,,,,,,
HUA_bourgeois_dictatorship;Huaian Economic Area;Huaian Economic Area;Huaian Economic Area;;;;;;;;;;;x;,,,,,,,,,,,,,,,,,,,,,,,,,
HUA_fascist_dictatorship;Huaian Economic Area;Huaian Economic Area;Huaian Economic Area;;;;;;;;;;;x;,,,,,,,,,,,,,,,,,,,,,,,,,
HUA_absolute_monarchy;Huaian Economic Area;Huaian Economic Area;Huaian Economic Area;;;;;;;;;;;x;,,,,,,,,,,,,,,,,,,,,,,,,,
HUA_prussian_constitutionalism;Huaian Economic Area;Huaian Economic Area;Huaian Economic Area;;;;;;;;;;;x;,,,,,,,,,,,,,,,,,,,,,,,,,
HUA_hms_government;Huaian Economic Area;Huaian Economic Area;Huaian Economic Area;;;;;;;;;;;x;,,,,,,,,,,,,,,,,,,,,,,,,,
HUA_democracy;Huaian Economic Area;Huaian Economic Area;Huaian Economic Area;;;;;;;;;;;x;,,,,,,,,,,,,,,,,,,,,,,,,,
HUA_conservative_92;Conservatives;Conservatives;Conservatives;;;;;;;;;;;x;,,,,,,,,,,,,,,,,,,,,,,,,,
HUA_liberal_79;Liberals;Liberals;Liberals;;;;;;;;;;;x;,,,,,,,,,,,,,,,,,,,,,,,,,
HUA_liberal_87;National Liberals;National Liberals;National Liberals;;;;;;;;;;;x;,,,,,,,,,,,,,,,,,,,,,,,,,
HUA_socialist_84;Socialists;Socialists;Socialists;;;;;;;;;;;x;,,,,,,,,,,,,,,,,,,,,,,,,,
HUA_socialist_98;National Socialists;National Socialists;National Socialists;;;;;;;;;;;x;,,,,,,,,,,,,,,,,,,,,,,,,,
HUA_reactionary_83;Monarchy Leadership;Monarchy Leadership;Monarchy Leadership;;;;;;;;;;;x;,,,,,,,,,,,,,,,,,,,,,,,,,
HUA_anarcho_liberal_93;Radical Liberals;Radical Liberals;Radical Liberals;;;;;;;;;;;x;,,,,,,,,,,,,,,,,,,,,,,,,,
HUA_communist_86;Communists;Communists;Communists;;;;;;;;;;;x;,,,,,,,,,,,,,,,,,,,,,,,,,
HUA_fascist_71;Fascists;Fascists;Fascists;;;;;;;;;;;x;,,,,,,,,,,,,,,,,,,,,,,,,,
MAC_ADJ;Chinese;Chinese;Chinese;;;;;;;;;;;x;,,,,,,,,,,,,,,,,,,,,,,,,,
MAC;Macao Economic Area;Macao Economic Area;Macao Economic Area;;;;;;;;;;;x;,,,,,,,,,,,,,,,,,,,,,,,,,
MAC_proletarian_dictatorship;Macao Economic Area;Macao Economic Area;Macao Economic Area;;;;;;;;;;;x;,,,,,,,,,,,,,,,,,,,,,,,,,
MAC_presidential_dictatorship;Macao Economic Area;Macao Economic Area;Macao Economic Area;;;;;;;;;;;x;,,,,,,,,,,,,,,,,,,,,,,,,,
MAC_bourgeois_dictatorship;Macao Economic Area;Macao Economic Area;Macao Economic Area;;;;;;;;;;;x;,,,,,,,,,,,,,,,,,,,,,,,,,
MAC_fascist_dictatorship;Macao Economic Area;Macao Economic Area;Macao Economic Area;;;;;;;;;;;x;,,,,,,,,,,,,,,,,,,,,,,,,,
MAC_absolute_monarchy;Macao Economic Area;Macao Economic Area;Macao Economic Area;;;;;;;;;;;x;,,,,,,,,,,,,,,,,,,,,,,,,,
MAC_prussian_constitutionalism;Macao Economic Area;Macao Economic Area;Macao Economic Area;;;;;;;;;;;x;,,,,,,,,,,,,,,,,,,,,,,,,,
MAC_hms_government;Macao Economic Area;Macao Economic Area;Macao Economic Area;;;;;;;;;;;x;,,,,,,,,,,,,,,,,,,,,,,,,,
MAC_democracy;Macao Economic Area;Macao Economic Area;Macao Economic Area;;;;;;;;;;;x;,,,,,,,,,,,,,,,,,,,,,,,,,
MAC_conservative_92;Conservatives;Conservatives;Conservatives;;;;;;;;;;;x;,,,,,,,,,,,,,,,,,,,,,,,,,
MAC_liberal_79;Liberals;Liberals;Liberals;;;;;;;;;;;x;,,,,,,,,,,,,,,,,,,,,,,,,,
MAC_liberal_87;National Liberals;National Liberals;National Liberals;;;;;;;;;;;x;,,,,,,,,,,,,,,,,,,,,,,,,,
MAC_socialist_84;Socialists;Socialists;Socialists;;;;;;;;;;;x;,,,,,,,,,,,,,,,,,,,,,,,,,
MAC_socialist_98;National Socialists;National Socialists;National Socialists;;;;;;;;;;;x;,,,,,,,,,,,,,,,,,,,,,,,,,
MAC_reactionary_83;Monarchy Leadership;Monarchy Leadership;Monarchy Leadership;;;;;;;;;;;x;,,,,,,,,,,,,,,,,,,,,,,,,,
MAC_anarcho_liberal_93;Radical Liberals;Radical Liberals;Radical Liberals;;;;;;;;;;;x;,,,,,,,,,,,,,,,,,,,,,,,,,
MAC_communist_86;Communists;Communists;Communists;;;;;;;;;;;x;,,,,,,,,,,,,,,,,,,,,,,,,,
MAC_fascist_71;Fascists;Fascists;Fascists;;;;;;;;;;;x;,,,,,,,,,,,,,,,,,,,,,,,,,
NIN_ADJ;Chinese;Chinese;Chinese;;;;;;;;;;;x;,,,,,,,,,,,,,,,,,,,,,,,,,
NIN;Ningbo Economic Area;Ningbo Economic Area;Ningbo Economic Area;;;;;;;;;;;x;,,,,,,,,,,,,,,,,,,,,,,,,,
NIN_proletarian_dictatorship;Ningbo Economic Area;Ningbo Economic Area;Ningbo Economic Area;;;;;;;;;;;x;,,,,,,,,,,,,,,,,,,,,,,,,,
NIN_presidential_dictatorship;Ningbo Economic Area;Ningbo Economic Area;Ningbo Economic Area;;;;;;;;;;;x;,,,,,,,,,,,,,,,,,,,,,,,,,
NIN_bourgeois_dictatorship;Ningbo Economic Area;Ningbo Economic Area;Ningbo Economic Area;;;;;;;;;;;x;,,,,,,,,,,,,,,,,,,,,,,,,,
NIN_fascist_dictatorship;Ningbo Economic Area;Ningbo Economic Area;Ningbo Economic Area;;;;;;;;;;;x;,,,,,,,,,,,,,,,,,,,,,,,,,
NIN_absolute_monarchy;Ningbo Economic Area;Ningbo Economic Area;Ningbo Economic Area;;;;;;;;;;;x;,,,,,,,,,,,,,,,,,,,,,,,,,
NIN_prussian_constitutionalism;Ningbo Economic Area;Ningbo Economic Area;Ningbo Economic Area;;;;;;;;;;;x;,,,,,,,,,,,,,,,,,,,,,,,,,
NIN_hms_government;Ningbo Economic Area;Ningbo Economic Area;Ningbo Economic Area;;;;;;;;;;;x;,,,,,,,,,,,,,,,,,,,,,,,,,
NIN_democracy;Ningbo Economic Area;Ningbo Economic Area;Ningbo Economic Area;;;;;;;;;;;x;,,,,,,,,,,,,,,,,,,,,,,,,,
NIN_conservative_92;Conservatives;Conservatives;Conservatives;;;;;;;;;;;x;,,,,,,,,,,,,,,,,,,,,,,,,,
NIN_liberal_79;Liberals;Liberals;Liberals;;;;;;;;;;;x;,,,,,,,,,,,,,,,,,,,,,,,,,
NIN_liberal_87;National Liberals;National Liberals;National Liberals;;;;;;;;;;;x;,,,,,,,,,,,,,,,,,,,,,,,,,
NIN_socialist_84;Socialists;Socialists;Socialists;;;;;;;;;;;x;,,,,,,,,,,,,,,,,,,,,,,,,,
NIN_socialist_98;National Socialists;National Socialists;National Socialists;;;;;;;;;;;x;,,,,,,,,,,,,,,,,,,,,,,,,,
NIN_reactionary_83;Monarchy Leadership;Monarchy Leadership;Monarchy Leadership;;;;;;;;;;;x;,,,,,,,,,,,,,,,,,,,,,,,,,
NIN_anarcho_liberal_93;Radical Liberals;Radical Liberals;Radical Liberals;;;;;;;;;;;x;,,,,,,,,,,,,,,,,,,,,,,,,,
NIN_communist_86;Communists;Communists;Communists;;;;;;;;;;;x;,,,,,,,,,,,,,,,,,,,,,,,,,
NIN_fascist_71;Fascists;Fascists;Fascists;;;;;;;;;;;x;,,,,,,,,,,,,,,,,,,,,,,,,,
QIN_ADJ;Chinese;Chinese;Chinese;;;;;;;;;;;x;,,,,,,,,,,,,,,,,,,,,,,,,,
QIN;Weihaiwai Economic Area;Weihaiwai Economic Area;Weihaiwai Economic Area;;;;;;;;;;;x;,,,,,,,,,,,,,,,,,,,,,,,,,
QIN_proletarian_dictatorship;Weihaiwai Economic Area;Weihaiwai Economic Area;Weihaiwai Economic Area;;;;;;;;;;;x;,,,,,,,,,,,,,,,,,,,,,,,,,
QIN_presidential_dictatorship;Weihaiwai Economic Area;Weihaiwai Economic Area;Weihaiwai Economic Area;;;;;;;;;;;x;,,,,,,,,,,,,,,,,,,,,,,,,,
QIN_bourgeois_dictatorship;Weihaiwai Economic Area;Weihaiwai Economic Area;Weihaiwai Economic Area;;;;;;;;;;;x;,,,,,,,,,,,,,,,,,,,,,,,,,
QIN_fascist_dictatorship;Weihaiwai Economic Area;Weihaiwai Economic Area;Weihaiwai Economic Area;;;;;;;;;;;x;,,,,,,,,,,,,,,,,,,,,,,,,,
QIN_absolute_monarchy;Weihaiwai Economic Area;Weihaiwai Economic Area;Weihaiwai Economic Area;;;;;;;;;;;x;,,,,,,,,,,,,,,,,,,,,,,,,,
QIN_prussian_constitutionalism;Weihaiwai Economic Area;Weihaiwai Economic Area;Weihaiwai Economic Area;;;;;;;;;;;x;,,,,,,,,,,,,,,,,,,,,,,,,,
QIN_hms_government;Weihaiwai Economic Area;Weihaiwai Economic Area;Weihaiwai Economic Area;;;;;;;;;;;x;,,,,,,,,,,,,,,,,,,,,,,,,,
QIN_democracy;Weihaiwai Economic Area;Weihaiwai Economic Area;Weihaiwai Economic Area;;;;;;;;;;;x;,,,,,,,,,,,,,,,,,,,,,,,,,
QIN_conservative_92;Conservatives;Conservatives;Conservatives;;;;;;;;;;;x;,,,,,,,,,,,,,,,,,,,,,,,,,
QIN_liberal_79;Liberals;Liberals;Liberals;;;;;;;;;;;x;,,,,,,,,,,,,,,,,,,,,,,,,,
QIN_liberal_87;National Liberals;National Liberals;National Liberals;;;;;;;;;;;x;,,,,,,,,,,,,,,,,,,,,,,,,,
QIN_socialist_84;Socialists;Socialists;Socialists;;;;;;;;;;;x;,,,,,,,,,,,,,,,,,,,,,,,,,
QIN_socialist_98;National Socialists;National Socialists;National Socialists;;;;;;;;;;;x;,,,,,,,,,,,,,,,,,,,,,,,,,
QIN_reactionary_83;Monarchy Leadership;Monarchy Leadership;Monarchy Leadership;;;;;;;;;;;x;,,,,,,,,,,,,,,,,,,,,,,,,,
QIN_anarcho_liberal_93;Radical Liberals;Radical Liberals;Radical Liberals;;;;;;;;;;;x;,,,,,,,,,,,,,,,,,,,,,,,,,
QIN_communist_86;Communists;Communists;Communists;;;;;;;;;;;x;,,,,,,,,,,,,,,,,,,,,,,,,,
QIN_fascist_71;Fascists;Fascists;Fascists;;;;;;;;;;;x;,,,,,,,,,,,,,,,,,,,,,,,,,
QNG_ADJ;Chinese;Chinese;Chinese;;;;;;;;;;;x;,,,,,,,,,,,,,,,,,,,,,,,,,
QNG;Qingdao Economic Area;Qingdao Economic Area;Qingdao Economic Area;;;;;;;;;;;x;,,,,,,,,,,,,,,,,,,,,,,,,,
QNG_proletarian_dictatorship;Qingdao Economic Area;Qingdao Economic Area;Qingdao Economic Area;;;;;;;;;;;x;,,,,,,,,,,,,,,,,,,,,,,,,,
QNG_presidential_dictatorship;Qingdao Economic Area;Qingdao Economic Area;Qingdao Economic Area;;;;;;;;;;;x;,,,,,,,,,,,,,,,,,,,,,,,,,
QNG_bourgeois_dictatorship;Qingdao Economic Area;Qingdao Economic Area;Qingdao Economic Area;;;;;;;;;;;x;,,,,,,,,,,,,,,,,,,,,,,,,,
QNG_fascist_dictatorship;Qingdao Economic Area;Qingdao Economic Area;Qingdao Economic Area;;;;;;;;;;;x;,,,,,,,,,,,,,,,,,,,,,,,,,
QNG_absolute_monarchy;Qingdao Economic Area;Qingdao Economic Area;Qingdao Economic Area;;;;;;;;;;;x;,,,,,,,,,,,,,,,,,,,,,,,,,
QNG_prussian_constitutionalism;Qingdao Economic Area;Qingdao Economic Area;Qingdao Economic Area;;;;;;;;;;;x;,,,,,,,,,,,,,,,,,,,,,,,,,
QNG_hms_government;Qingdao Economic Area;Qingdao Economic Area;Qingdao Economic Area;;;;;;;;;;;x;,,,,,,,,,,,,,,,,,,,,,,,,,
QNG_democracy;Qingdao Economic Area;Qingdao Economic Area;Qingdao Economic Area;;;;;;;;;;;x;,,,,,,,,,,,,,,,,,,,,,,,,,
QNG_conservative_92;Conservatives;Conservatives;Conservatives;;;;;;;;;;;x;,,,,,,,,,,,,,,,,,,,,,,,,,
QNG_liberal_79;Liberals;Liberals;Liberals;;;;;;;;;;;x;,,,,,,,,,,,,,,,,,,,,,,,,,
QNG_liberal_87;National Liberals;National Liberals;National Liberals;;;;;;;;;;;x;,,,,,,,,,,,,,,,,,,,,,,,,,
QNG_socialist_84;Socialists;Socialists;Socialists;;;;;;;;;;;x;,,,,,,,,,,,,,,,,,,,,,,,,,
QNG_socialist_98;National Socialists;National Socialists;National Socialists;;;;;;;;;;;x;,,,,,,,,,,,,,,,,,,,,,,,,,
QNG_reactionary_83;Monarchy Leadership;Monarchy Leadership;Monarchy Leadership;;;;;;;;;;;x;,,,,,,,,,,,,,,,,,,,,,,,,,
QNG_anarcho_liberal_93;Radical Liberals;Radical Liberals;Radical Liberals;;;;;;;;;;;x;,,,,,,,,,,,,,,,,,,,,,,,,,
QNG_communist_86;Communists;Communists;Communists;;;;;;;;;;;x;,,,,,,,,,,,,,,,,,,,,,,,,,
QNG_fascist_71;Fascists;Fascists;Fascists;;;;;;;;;;;x;,,,,,,,,,,,,,,,,,,,,,,,,,
SHA_ADJ;Chinese;Chinese;Chinese;;;;;;;;;;;x;,,,,,,,,,,,,,,,,,,,,,,,,,
SHA;Shanghai Economic Area;Shanghai Economic Area;Shanghai Economic Area;;;;;;;;;;;x;,,,,,,,,,,,,,,,,,,,,,,,,,
SHA_proletarian_dictatorship;Shanghai Economic Area;Shanghai Economic Area;Shanghai Economic Area;;;;;;;;;;;x;,,,,,,,,,,,,,,,,,,,,,,,,,
SHA_presidential_dictatorship;Shanghai Economic Area;Shanghai Economic Area;Shanghai Economic Area;;;;;;;;;;;x;,,,,,,,,,,,,,,,,,,,,,,,,,
SHA_bourgeois_dictatorship;Shanghai Economic Area;Shanghai Economic Area;Shanghai Economic Area;;;;;;;;;;;x;,,,,,,,,,,,,,,,,,,,,,,,,,
SHA_fascist_dictatorship;Shanghai Economic Area;Shanghai Economic Area;Shanghai Economic Area;;;;;;;;;;;x;,,,,,,,,,,,,,,,,,,,,,,,,,
SHA_absolute_monarchy;Shanghai Economic Area;Shanghai Economic Area;Shanghai Economic Area;;;;;;;;;;;x;,,,,,,,,,,,,,,,,,,,,,,,,,
SHA_prussian_constitutionalism;Shanghai Economic Area;Shanghai Economic Area;Shanghai Economic Area;;;;;;;;;;;x;,,,,,,,,,,,,,,,,,,,,,,,,,
SHA_hms_government;Shanghai Economic Area;Shanghai Economic Area;Shanghai Economic Area;;;;;;;;;;;x;,,,,,,,,,,,,,,,,,,,,,,,,,
SHA_democracy;Shanghai Economic Area;Shanghai Economic Area;Shanghai Economic Area;;;;;;;;;;;x;,,,,,,,,,,,,,,,,,,,,,,,,,
SHA_conservative_92;Conservatives;Conservatives;Conservatives;;;;;;;;;;;x;,,,,,,,,,,,,,,,,,,,,,,,,,
SHA_liberal_79;Liberals;Liberals;Liberals;;;;;;;;;;;x;,,,,,,,,,,,,,,,,,,,,,,,,,
SHA_liberal_87;National Liberals;National Liberals;National Liberals;;;;;;;;;;;x;,,,,,,,,,,,,,,,,,,,,,,,,,
SHA_socialist_84;Socialists;Socialists;Socialists;;;;;;;;;;;x;,,,,,,,,,,,,,,,,,,,,,,,,,
SHA_socialist_98;National Socialists;National Socialists;National Socialists;;;;;;;;;;;x;,,,,,,,,,,,,,,,,,,,,,,,,,
SHA_reactionary_83;Monarchy Leadership;Monarchy Leadership;Monarchy Leadership;;;;;;;;;;;x;,,,,,,,,,,,,,,,,,,,,,,,,,
SHA_anarcho_liberal_93;Radical Liberals;Radical Liberals;Radical Liberals;;;;;;;;;;;x;,,,,,,,,,,,,,,,,,,,,,,,,,
SHA_communist_86;Communists;Communists;Communists;;;;;;;;;;;x;,,,,,,,,,,,,,,,,,,,,,,,,,
SHA_fascist_71;Fascists;Fascists;Fascists;;;;;;;;;;;x;,,,,,,,,,,,,,,,,,,,,,,,,,
TIA_ADJ;Chinese;Chinese;Chinese;;;;;;;;;;;x;,,,,,,,,,,,,,,,,,,,,,,,,,
TIA;Port Arthur Economic Area;Port Arthur Economic Area;Port Arthur Economic Area;;;;;;;;;;;x;,,,,,,,,,,,,,,,,,,,,,,,,,
TIA_proletarian_dictatorship;Port Arthur Economic Area;Port Arthur Economic Area;Port Arthur Economic Area;;;;;;;;;;;x;,,,,,,,,,,,,,,,,,,,,,,,,,
TIA_presidential_dictatorship;Port Arthur Economic Area;Port Arthur Economic Area;Port Arthur Economic Area;;;;;;;;;;;x;,,,,,,,,,,,,,,,,,,,,,,,,,
TIA_bourgeois_dictatorship;Port Arthur Economic Area;Port Arthur Economic Area;Port Arthur Economic Area;;;;;;;;;;;x;,,,,,,,,,,,,,,,,,,,,,,,,,
TIA_fascist_dictatorship;Port Arthur Economic Area;Port Arthur Economic Area;Port Arthur Economic Area;;;;;;;;;;;x;,,,,,,,,,,,,,,,,,,,,,,,,,
TIA_absolute_monarchy;Port Arthur Economic Area;Port Arthur Economic Area;Port Arthur Economic Area;;;;;;;;;;;x;,,,,,,,,,,,,,,,,,,,,,,,,,
TIA_prussian_constitutionalism;Port Arthur Economic Area;Port Arthur Economic Area;Port Arthur Economic Area;;;;;;;;;;;x;,,,,,,,,,,,,,,,,,,,,,,,,,
TIA_hms_government;Port Arthur Economic Area;Port Arthur Economic Area;Port Arthur Economic Area;;;;;;;;;;;x;,,,,,,,,,,,,,,,,,,,,,,,,,
TIA_democracy;Port Arthur Economic Area;Port Arthur Economic Area;Port Arthur Economic Area;;;;;;;;;;;x;,,,,,,,,,,,,,,,,,,,,,,,,,
TIA_conservative_92;Conservatives;Conservatives;Conservatives;;;;;;;;;;;x;,,,,,,,,,,,,,,,,,,,,,,,,,
TIA_liberal_79;Liberals;Liberals;Liberals;;;;;;;;;;;x;,,,,,,,,,,,,,,,,,,,,,,,,,
TIA_liberal_87;National Liberals;National Liberals;National Liberals;;;;;;;;;;;x;,,,,,,,,,,,,,,,,,,,,,,,,,
TIA_socialist_84;Socialists;Socialists;Socialists;;;;;;;;;;;x;,,,,,,,,,,,,,,,,,,,,,,,,,
TIA_socialist_98;National Socialists;National Socialists;National Socialists;;;;;;;;;;;x;,,,,,,,,,,,,,,,,,,,,,,,,,
TIA_reactionary_83;Monarchy Leadership;Monarchy Leadership;Monarchy Leadership;;;;;;;;;;;x;,,,,,,,,,,,,,,,,,,,,,,,,,
TIA_anarcho_liberal_93;Radical Liberals;Radical Liberals;Radical Liberals;;;;;;;;;;;x;,,,,,,,,,,,,,,,,,,,,,,,,,
TIA_communist_86;Communists;Communists;Communists;;;;;;;;;;;x;,,,,,,,,,,,,,,,,,,,,,,,,,
TIA_fascist_71;Fascists;Fascists;Fascists;;;;;;;;;;;x;,,,,,,,,,,,,,,,,,,,,,,,,,
WEN_ADJ;Chinese;Chinese;Chinese;;;;;;;;;;;x;,,,,,,,,,,,,,,,,,,,,,,,,,
WEN;Port Arthur Economic Area;Port Arthur Economic Area;Port Arthur Economic Area;;;;;;;;;;;x;,,,,,,,,,,,,,,,,,,,,,,,,,
WEN_proletarian_dictatorship;Port Arthur Economic Area;Port Arthur Economic Area;Port Arthur Economic Area;;;;;;;;;;;x;,,,,,,,,,,,,,,,,,,,,,,,,,
WEN_presidential_dictatorship;Port Arthur Economic Area;Port Arthur Economic Area;Port Arthur Economic Area;;;;;;;;;;;x;,,,,,,,,,,,,,,,,,,,,,,,,,
WEN_bourgeois_dictatorship;Port Arthur Economic Area;Port Arthur Economic Area;Port Arthur Economic Area;;;;;;;;;;;x;,,,,,,,,,,,,,,,,,,,,,,,,,
WEN_fascist_dictatorship;Port Arthur Economic Area;Port Arthur Economic Area;Port Arthur Economic Area;;;;;;;;;;;x;,,,,,,,,,,,,,,,,,,,,,,,,,
WEN_absolute_monarchy;Port Arthur Economic Area;Port Arthur Economic Area;Port Arthur Economic Area;;;;;;;;;;;x;,,,,,,,,,,,,,,,,,,,,,,,,,
WEN_prussian_constitutionalism;Port Arthur Economic Area;Port Arthur Economic Area;Port Arthur Economic Area;;;;;;;;;;;x;,,,,,,,,,,,,,,,,,,,,,,,,,
WEN_hms_government;Port Arthur Economic Area;Port Arthur Economic Area;Port Arthur Economic Area;;;;;;;;;;;x;,,,,,,,,,,,,,,,,,,,,,,,,,
WEN_democracy;Port Arthur Economic Area;Port Arthur Economic Area;Port Arthur Economic Area;;;;;;;;;;;x;,,,,,,,,,,,,,,,,,,,,,,,,,
WEN_conservative_92;Conservatives;Conservatives;Conservatives;;;;;;;;;;;x;,,,,,,,,,,,,,,,,,,,,,,,,,
WEN_liberal_79;Liberals;Liberals;Liberals;;;;;;;;;;;x;,,,,,,,,,,,,,,,,,,,,,,,,,
WEN_liberal_87;National Liberals;National Liberals;National Liberals;;;;;;;;;;;x;,,,,,,,,,,,,,,,,,,,,,,,,,
WEN_socialist_84;Socialists;Socialists;Socialists;;;;;;;;;;;x;,,,,,,,,,,,,,,,,,,,,,,,,,
WEN_socialist_98;National Socialists;National Socialists;National Socialists;;;;;;;;;;;x;,,,,,,,,,,,,,,,,,,,,,,,,,
WEN_reactionary_83;Monarchy Leadership;Monarchy Leadership;Monarchy Leadership;;;;;;;;;;;x;,,,,,,,,,,,,,,,,,,,,,,,,,
WEN_anarcho_liberal_93;Radical Liberals;Radical Liberals;Radical Liberals;;;;;;;;;;;x;,,,,,,,,,,,,,,,,,,,,,,,,,
WEN_communist_86;Communists;Communists;Communists;;;;;;;;;;;x;,,,,,,,,,,,,,,,,,,,,,,,,,
WEN_fascist_71;Fascists;Fascists;Fascists;;;;;;;;;;;x;,,,,,,,,,,,,,,,,,,,,,,,,,
########################################################################################################;;;;;;;;;;x,,,,,,,,,,,,,,,,,,,,,,,,,
############Chinese Treaty Ports######################################################################################;;;;;;;;;;;;;;x,,,,,,,,,,,,,,,,,,,,,,,,,
ningbo_treaty_port_title;The Ningbo Treaty Port;;;;;;;;;;;;x,,,,,,,,,,,,,,,,,,,,,;;;;;;;;;;;;;;;;;;;;;;;;;;;;;;,,,,
ningbo_treaty_port_desc;Ningbo is one of China's oldest cities, with a history dating to the Hemudu culture in 4800 BC. Ningbo was known as a trade city on the silk road at least two thousand years ago, and then as a major port, along with Yangzhou and Guangzhou in the Tang Dynasty, thereafter, the major ports for foreign trade in the Song Dynasty. A walled city sandwiched between the ocean and low-lying mountains to the southwest, with coastal plain and valleys in between, it plays an important role in controlling the important peninsulas of Chuanshan and Xiangshan Peninsula. During the Ming and Qing Dynasties, the textile industry flourished in Ningbo.;;;;;;;;;;;;x,,,,,,,,,,,,,,,,,
hainan_treaty_port_title;The Hainan Treaty Port;;;;;;;;;;;;x,,,,,,,,,,,,,,,,,,,,,;;;;;;;;;;;;;;;;;;;;;;;;;;;;;;,,,,
hainan_treaty_port_desc;The city of Zhuya (Shore of Pearls), name for the famous pearl fisheries of the region, now known as Qiongshan is an important stop to Shanghai and Formosa. Controlling it would give control over all of Hainan and would make an important coaling station.;;;;;;;;;;;;x,,,,,,,,,,,,,,,,,,,,,;;;;;;;;;;;;;;;;;;;;;;;;;;;;;;,,
taipei_treaty_port_title;The Taiwan Concession;;;;;;;;;;;;x,,,,,,,,,,,,,,,,,,,,,;;;;;;;;;;;;;;;;;;;;;;;;;;;;;;,,,,
taipei_treaty_port_desc;The Taipei area is where the major Han Chinese settlements in northern Taiwan and one of the designated overseas trade ports, Tamsui, are located. The area gained economic importance due to the booming overseas trade, especially that of tea export. Controlling it would mean controlling Taiwan and a good amount of the tea trade.;;;;;;;;;;;;x,,,,,,,,,,,,,,,,,,,,,;;;;;;;;;;;;;;;;;;;;;;;;;;;;;;,
jiaxing_treaty_port_title;The Jiaxing Treaty Port;;;;;;;;;;;;;x,,,,,,,,,,,,,,,,,,,,,;;;;;;;;;;;;;;;;;;;;;;;;;;;;;,,,,
jiaxing_treaty_port_desc;Jiaxing is well known as the 'hometown of silk' and it's a famous producer of textiles and woolens. While not being as important as neighboring Shanghai, its acquisition would surely help our textile industry.;;;;;;;;;;;;;x,,,,,,,,,,,,,,,,,,,,,;;;;;;;;;;;;;;;;;;;;;;;;;;;;;,,,
weihaiwei_treaty_port_title;The Weihaiwei Treaty Port;;;;;;;;;;;;;x,,,,,,,,,,,,,,,,,,,,,;;;;;;;;;;;;;;;;;;;;;;;;;;;;;,,,,
weihaiwei_treaty_port_desc;The port of Weihaiwei serves as the base for the Beiyang Fleet (Northern Seas Fleet) for the Qing Dynasty. Along with LRshun, it provides a strategic point for the control of the Korea Bay and the Bohai Gulf. Controlling it would put our fleets at the door of the imperial capital of China.;;;;;;;;;;;;;x,,,,,,,,,,,,,,,,,,,,,;;;;;;;;;;;;;;;;;;;;;;;;;;;;;,,,
lushun_treaty_port_title;The LRshun Treaty Port;;;;;;;;;;;;;x,,,,,,,,,,,,,,,,,,,,,;;;;;;;;;;;;;;;;;;;;;;;;;;;;;,,,,
lushun_treaty_port_desc;Sprawling around the narrowest neck of the Liaodong Peninsula, occupying the Southern Tip, LRshun, also known as Port Arthur, is in a crucial point. It guards the entrance the Imperial Capital of China and the Bohai Sea. Controlling it would provide a strategical hold on the Bohai Gulf and the Korean Bay.;;;;;;;;;;;;;x,,,,,,,,,,,,,,,,,,,,,;;;;;;;;;;;;;;;;;;;;;;;;;;;;;
qingdao_treaty_port_title;The Qingdao Treaty Port;;;;;;;;;;;;;x,,,,,,,,,,,,,,,,,,,,,;;;;;;;;;;;;;;;;;;;;;;;;;;;;;,,,,
qingdao_treaty_port_desc;Qingdao is a sleepy fishing town undergoing dramatic changes - a naval station and garrisons were built by the rulers of the Qing dynasty and the increasing presence of western ships is increasing its importance. It would be an splendid gateway to northern China.;;;;;;;;;;;;;x,,,,,,,,,,,,,,,,,,,,,;;;;;;;;;;;;;;;;;;;;;;;;;;;;;,,,,
shanghai_treaty_port_title;The Shanghai Treaty Port;;;;;;;;;;;;;x,,,,,,,,,,,,,,,,,,,,,;;;;;;;;;;;;;;;;;;;;;;;;;;;;;,,,,
shanghai_treaty_port_desc;For centuries a major administrative, shipping, and trading town, Shanghai grew in importance in the 19th century due to European recognition of its favorable port location and economic potential. This potential can be fully realized under $COUNTRY_ADJ$ administration.;;;;;;;;;;;;;x,,,,,,,,,,,,,,,,,,,,,;;;;;;;;;;;;;;;;;;;;;;;;;;;;;,
hong_kong_treaty_port_title;The Hong Kong Treaty Port;;;;;;;;;;;;;x,,,,,,,,,,,,,,,,,,,,,;;;;;;;;;;;;;;;;;;;;;;;;;;;;;,,,,
hong_kong_treaty_port_desc;China is the main supplier of its native tea to Europe, whose annual domestic consumption reached 30,46,935 pounds (13,629,060 kg) in 1830, an average of 1.036 pounds (0.470 kg) per head of population. From the $COUNTRY_ADJ$ economic standpoint, Chinese tea was a crucial item since it provides massive wealth for the taipans S foreign (especially $COUNTRY_ADJ$) businessmen in China S while the duty on tea accounted for 10% of the government's income. With a base in Hong Kong our tea and opium trade will profit immensely and the city will, without a doubt, bring us a lot of profit.;;;;;;;;;;;;;x,,,,,,,,,,,,,,,,
macao_treaty_port_title;The Macao Treaty Port;;;;;;;;;;;;;x,,,,,,,,,,,,,,,,,,,,,;;;;;;;;;;;;;;;;;;;;;;;;;;;;;,,,,
macao_treaty_port_desc;Macao lies on the western side of the Pearl River Delta across from Hong Kong. If we are to access the riches of Guangdong and the south of China, controlling Macao would be a good start.;;;;;;;;;;;;;x,,,,,,,,,,,,,,,,,,,,,;;;;;;;;;;;;;;;;;;;;;;;;;;;;;,,,
